Feature,Correlation,Abs_Correlation
tga_value,0.30502657089787133,0.30502657089787133
rrp_value,-0.10904170550458732,0.10904170550458732
walcl_value,0.10216062607535636,0.10216062607535636
soma_treasuries_value,0.09076448584622632,0.09076448584622632
soma_value,0.08383351016345716,0.08383351016345716
soma_mbs_value,0.0647844931411813,0.0647844931411813
net_liquidity,-0.03679666642947539,0.03679666642947539
auctions_value,0.013667980927856326,0.013667980927856326
