Feature,Correlation,Abs_Correlation
tga_value_velocity_1m,0.31251389318310485,0.31251389318310485
tga_value,0.30502561337424006,0.30502561337424006
rrp_pct_change,-0.3008957111620096,0.3008957111620096
tga_value_velocity_2w,0.22254455923004357,0.22254455923004357
walcl_value_velocity_1m,0.1910912882334629,0.1910912882334629
walcl_value_velocity_2w,0.17957090314177007,0.17957090314177007
walcl_pct_change,-0.170270171164336,0.170270171164336
tga_pct_change,-0.14926491230939126,0.14926491230939126
net_liquidity_velocity_1m,-0.12087186976828045,0.12087186976828045
rrp_value,-0.1090412066197298,0.1090412066197298
walcl_value,0.10215968570228466,0.10215968570228466
net_liquidity_velocity_2w,-0.08705883254486235,0.08705883254486235
tga_value_velocity_1w,-0.03851889992294492,0.03851889992294492
net_liquidity,-0.03679685535014398,0.03679685535014398
walcl_value_velocity_1w,0.024005568433506607,0.024005568433506607
net_liquidity_velocity_1w,-0.018106055651362193,0.018106055651362193
